--
-- PostgreSQL database dump
--

-- Dumped from database version 15.5 (Debian 15.5-1.pgdg120+1)
-- Dumped by pg_dump version 15.5 (Debian 15.5-1.pgdg120+1)

SET statement_timeout = 0;
SET lock_timeout = 0;
SET idle_in_transaction_session_timeout = 0;
SET client_encoding = 'UTF8';
SET standard_conforming_strings = on;
SELECT pg_catalog.set_config('search_path', '', false);
SET check_function_bodies = false;
SET xmloption = content;
SET client_min_messages = warning;
SET row_security = off;

SET default_tablespace = '';

SET default_table_access_method = heap;

--
-- Name: auth_group; Type: TABLE; Schema: public; Owner: demo
--

CREATE TABLE public.auth_group (
    id integer NOT NULL,
    name character varying(150) NOT NULL
);


ALTER TABLE public.auth_group OWNER TO demo;

--
-- Name: auth_group_id_seq; Type: SEQUENCE; Schema: public; Owner: demo
--

ALTER TABLE public.auth_group ALTER COLUMN id ADD GENERATED BY DEFAULT AS IDENTITY (
    SEQUENCE NAME public.auth_group_id_seq
    START WITH 1
    INCREMENT BY 1
    NO MINVALUE
    NO MAXVALUE
    CACHE 1
);


--
-- Name: auth_group_permissions; Type: TABLE; Schema: public; Owner: demo
--

CREATE TABLE public.auth_group_permissions (
    id bigint NOT NULL,
    group_id integer NOT NULL,
    permission_id integer NOT NULL
);


ALTER TABLE public.auth_group_permissions OWNER TO demo;

--
-- Name: auth_group_permissions_id_seq; Type: SEQUENCE; Schema: public; Owner: demo
--

ALTER TABLE public.auth_group_permissions ALTER COLUMN id ADD GENERATED BY DEFAULT AS IDENTITY (
    SEQUENCE NAME public.auth_group_permissions_id_seq
    START WITH 1
    INCREMENT BY 1
    NO MINVALUE
    NO MAXVALUE
    CACHE 1
);


--
-- Name: auth_permission; Type: TABLE; Schema: public; Owner: demo
--

CREATE TABLE public.auth_permission (
    id integer NOT NULL,
    name character varying(255) NOT NULL,
    content_type_id integer NOT NULL,
    codename character varying(100) NOT NULL
);


ALTER TABLE public.auth_permission OWNER TO demo;

--
-- Name: auth_permission_id_seq; Type: SEQUENCE; Schema: public; Owner: demo
--

ALTER TABLE public.auth_permission ALTER COLUMN id ADD GENERATED BY DEFAULT AS IDENTITY (
    SEQUENCE NAME public.auth_permission_id_seq
    START WITH 1
    INCREMENT BY 1
    NO MINVALUE
    NO MAXVALUE
    CACHE 1
);


--
-- Name: auth_user; Type: TABLE; Schema: public; Owner: demo
--

CREATE TABLE public.auth_user (
    id integer NOT NULL,
    password character varying(128) NOT NULL,
    last_login timestamp with time zone,
    is_superuser boolean NOT NULL,
    username character varying(150) NOT NULL,
    first_name character varying(150) NOT NULL,
    last_name character varying(150) NOT NULL,
    email character varying(254) NOT NULL,
    is_staff boolean NOT NULL,
    is_active boolean NOT NULL,
    date_joined timestamp with time zone NOT NULL
);


ALTER TABLE public.auth_user OWNER TO demo;

--
-- Name: auth_user_groups; Type: TABLE; Schema: public; Owner: demo
--

CREATE TABLE public.auth_user_groups (
    id bigint NOT NULL,
    user_id integer NOT NULL,
    group_id integer NOT NULL
);


ALTER TABLE public.auth_user_groups OWNER TO demo;

--
-- Name: auth_user_groups_id_seq; Type: SEQUENCE; Schema: public; Owner: demo
--

ALTER TABLE public.auth_user_groups ALTER COLUMN id ADD GENERATED BY DEFAULT AS IDENTITY (
    SEQUENCE NAME public.auth_user_groups_id_seq
    START WITH 1
    INCREMENT BY 1
    NO MINVALUE
    NO MAXVALUE
    CACHE 1
);


--
-- Name: auth_user_id_seq; Type: SEQUENCE; Schema: public; Owner: demo
--

ALTER TABLE public.auth_user ALTER COLUMN id ADD GENERATED BY DEFAULT AS IDENTITY (
    SEQUENCE NAME public.auth_user_id_seq
    START WITH 1
    INCREMENT BY 1
    NO MINVALUE
    NO MAXVALUE
    CACHE 1
);


--
-- Name: auth_user_user_permissions; Type: TABLE; Schema: public; Owner: demo
--

CREATE TABLE public.auth_user_user_permissions (
    id bigint NOT NULL,
    user_id integer NOT NULL,
    permission_id integer NOT NULL
);


ALTER TABLE public.auth_user_user_permissions OWNER TO demo;

--
-- Name: auth_user_user_permissions_id_seq; Type: SEQUENCE; Schema: public; Owner: demo
--

ALTER TABLE public.auth_user_user_permissions ALTER COLUMN id ADD GENERATED BY DEFAULT AS IDENTITY (
    SEQUENCE NAME public.auth_user_user_permissions_id_seq
    START WITH 1
    INCREMENT BY 1
    NO MINVALUE
    NO MAXVALUE
    CACHE 1
);


--
-- Name: django_admin_log; Type: TABLE; Schema: public; Owner: demo
--

CREATE TABLE public.django_admin_log (
    id integer NOT NULL,
    action_time timestamp with time zone NOT NULL,
    object_id text,
    object_repr character varying(200) NOT NULL,
    action_flag smallint NOT NULL,
    change_message text NOT NULL,
    content_type_id integer,
    user_id integer NOT NULL,
    CONSTRAINT django_admin_log_action_flag_check CHECK ((action_flag >= 0))
);


ALTER TABLE public.django_admin_log OWNER TO demo;

--
-- Name: django_admin_log_id_seq; Type: SEQUENCE; Schema: public; Owner: demo
--

ALTER TABLE public.django_admin_log ALTER COLUMN id ADD GENERATED BY DEFAULT AS IDENTITY (
    SEQUENCE NAME public.django_admin_log_id_seq
    START WITH 1
    INCREMENT BY 1
    NO MINVALUE
    NO MAXVALUE
    CACHE 1
);


--
-- Name: django_content_type; Type: TABLE; Schema: public; Owner: demo
--

CREATE TABLE public.django_content_type (
    id integer NOT NULL,
    app_label character varying(100) NOT NULL,
    model character varying(100) NOT NULL
);


ALTER TABLE public.django_content_type OWNER TO demo;

--
-- Name: django_content_type_id_seq; Type: SEQUENCE; Schema: public; Owner: demo
--

ALTER TABLE public.django_content_type ALTER COLUMN id ADD GENERATED BY DEFAULT AS IDENTITY (
    SEQUENCE NAME public.django_content_type_id_seq
    START WITH 1
    INCREMENT BY 1
    NO MINVALUE
    NO MAXVALUE
    CACHE 1
);


--
-- Name: django_migrations; Type: TABLE; Schema: public; Owner: demo
--

CREATE TABLE public.django_migrations (
    id bigint NOT NULL,
    app character varying(255) NOT NULL,
    name character varying(255) NOT NULL,
    applied timestamp with time zone NOT NULL
);


ALTER TABLE public.django_migrations OWNER TO demo;

--
-- Name: django_migrations_id_seq; Type: SEQUENCE; Schema: public; Owner: demo
--

ALTER TABLE public.django_migrations ALTER COLUMN id ADD GENERATED BY DEFAULT AS IDENTITY (
    SEQUENCE NAME public.django_migrations_id_seq
    START WITH 1
    INCREMENT BY 1
    NO MINVALUE
    NO MAXVALUE
    CACHE 1
);


--
-- Name: django_session; Type: TABLE; Schema: public; Owner: demo
--

CREATE TABLE public.django_session (
    session_key character varying(40) NOT NULL,
    session_data text NOT NULL,
    expire_date timestamp with time zone NOT NULL
);


ALTER TABLE public.django_session OWNER TO demo;

--
-- Name: doctor_bed; Type: TABLE; Schema: public; Owner: demo
--

CREATE TABLE public.doctor_bed (
    id bigint NOT NULL
);


ALTER TABLE public.doctor_bed OWNER TO demo;

--
-- Name: doctor_bed_id_seq; Type: SEQUENCE; Schema: public; Owner: demo
--

ALTER TABLE public.doctor_bed ALTER COLUMN id ADD GENERATED BY DEFAULT AS IDENTITY (
    SEQUENCE NAME public.doctor_bed_id_seq
    START WITH 1
    INCREMENT BY 1
    NO MINVALUE
    NO MAXVALUE
    CACHE 1
);


--
-- Name: doctor_floor; Type: TABLE; Schema: public; Owner: demo
--

CREATE TABLE public.doctor_floor (
    id bigint NOT NULL,
    name character varying(1024),
    wheelchair_accessible boolean NOT NULL,
    has_elevator boolean NOT NULL
);


ALTER TABLE public.doctor_floor OWNER TO demo;

--
-- Name: doctor_floor_id_seq; Type: SEQUENCE; Schema: public; Owner: demo
--

ALTER TABLE public.doctor_floor ALTER COLUMN id ADD GENERATED BY DEFAULT AS IDENTITY (
    SEQUENCE NAME public.doctor_floor_id_seq
    START WITH 1
    INCREMENT BY 1
    NO MINVALUE
    NO MAXVALUE
    CACHE 1
);


--
-- Name: doctor_machine; Type: TABLE; Schema: public; Owner: demo
--

CREATE TABLE public.doctor_machine (
    id bigint NOT NULL,
    name character varying(1024),
    in_service boolean NOT NULL,
    machine_type_id bigint
);


ALTER TABLE public.doctor_machine OWNER TO demo;

--
-- Name: doctor_machine_id_seq; Type: SEQUENCE; Schema: public; Owner: demo
--

ALTER TABLE public.doctor_machine ALTER COLUMN id ADD GENERATED BY DEFAULT AS IDENTITY (
    SEQUENCE NAME public.doctor_machine_id_seq
    START WITH 1
    INCREMENT BY 1
    NO MINVALUE
    NO MAXVALUE
    CACHE 1
);


--
-- Name: doctor_machinetype; Type: TABLE; Schema: public; Owner: demo
--

CREATE TABLE public.doctor_machinetype (
    id bigint NOT NULL,
    name character varying(1024)
);


ALTER TABLE public.doctor_machinetype OWNER TO demo;

--
-- Name: doctor_machinetype_id_seq; Type: SEQUENCE; Schema: public; Owner: demo
--

ALTER TABLE public.doctor_machinetype ALTER COLUMN id ADD GENERATED BY DEFAULT AS IDENTITY (
    SEQUENCE NAME public.doctor_machinetype_id_seq
    START WITH 1
    INCREMENT BY 1
    NO MINVALUE
    NO MAXVALUE
    CACHE 1
);


--
-- Name: doctor_machinetype_regions_supported; Type: TABLE; Schema: public; Owner: demo
--

CREATE TABLE public.doctor_machinetype_regions_supported (
    id bigint NOT NULL,
    machinetype_id bigint NOT NULL,
    treatmentregion_id bigint NOT NULL
);


ALTER TABLE public.doctor_machinetype_regions_supported OWNER TO demo;

--
-- Name: doctor_machinetype_regions_supported_id_seq; Type: SEQUENCE; Schema: public; Owner: demo
--

ALTER TABLE public.doctor_machinetype_regions_supported ALTER COLUMN id ADD GENERATED BY DEFAULT AS IDENTITY (
    SEQUENCE NAME public.doctor_machinetype_regions_supported_id_seq
    START WITH 1
    INCREMENT BY 1
    NO MINVALUE
    NO MAXVALUE
    CACHE 1
);


--
-- Name: doctor_patient; Type: TABLE; Schema: public; Owner: demo
--

CREATE TABLE public.doctor_patient (
    id bigint NOT NULL,
    name character varying(1024),
    weight integer,
    fractions_number integer,
    email character varying(1024),
    breath_holding boolean NOT NULL,
    inpatient boolean NOT NULL,
    large_bodied boolean NOT NULL,
    last_name character varying(1024),
    priority boolean,
    sex character varying(1024),
    treatment_regions jsonb
);


ALTER TABLE public.doctor_patient OWNER TO demo;

--
-- Name: doctor_patient_id_seq; Type: SEQUENCE; Schema: public; Owner: demo
--

ALTER TABLE public.doctor_patient ALTER COLUMN id ADD GENERATED BY DEFAULT AS IDENTITY (
    SEQUENCE NAME public.doctor_patient_id_seq
    START WITH 1
    INCREMENT BY 1
    NO MINVALUE
    NO MAXVALUE
    CACHE 1
);


--
-- Name: doctor_room; Type: TABLE; Schema: public; Owner: demo
--

CREATE TABLE public.doctor_room (
    id bigint NOT NULL,
    number character varying(1024),
    sex character varying(1024),
    wheelchair_accessible boolean NOT NULL,
    has_bath boolean NOT NULL,
    area integer
);


ALTER TABLE public.doctor_room OWNER TO demo;

--
-- Name: doctor_room_id_seq; Type: SEQUENCE; Schema: public; Owner: demo
--

ALTER TABLE public.doctor_room ALTER COLUMN id ADD GENERATED BY DEFAULT AS IDENTITY (
    SEQUENCE NAME public.doctor_room_id_seq
    START WITH 1
    INCREMENT BY 1
    NO MINVALUE
    NO MAXVALUE
    CACHE 1
);


--
-- Name: doctor_timeslot; Type: TABLE; Schema: public; Owner: demo
--

CREATE TABLE public.doctor_timeslot (
    id bigint NOT NULL,
    start_date timestamp with time zone,
    end_date timestamp with time zone,
    duration interval,
    machine_id bigint,
    patient_id bigint
);


ALTER TABLE public.doctor_timeslot OWNER TO demo;

--
-- Name: doctor_timeslot_id_seq; Type: SEQUENCE; Schema: public; Owner: demo
--

ALTER TABLE public.doctor_timeslot ALTER COLUMN id ADD GENERATED BY DEFAULT AS IDENTITY (
    SEQUENCE NAME public.doctor_timeslot_id_seq
    START WITH 1
    INCREMENT BY 1
    NO MINVALUE
    NO MAXVALUE
    CACHE 1
);


--
-- Name: doctor_treatmentregion; Type: TABLE; Schema: public; Owner: demo
--

CREATE TABLE public.doctor_treatmentregion (
    id bigint NOT NULL,
    name character varying(1024)
);


ALTER TABLE public.doctor_treatmentregion OWNER TO demo;

--
-- Name: doctor_treatmentregion_id_seq; Type: SEQUENCE; Schema: public; Owner: demo
--

ALTER TABLE public.doctor_treatmentregion ALTER COLUMN id ADD GENERATED BY DEFAULT AS IDENTITY (
    SEQUENCE NAME public.doctor_treatmentregion_id_seq
    START WITH 1
    INCREMENT BY 1
    NO MINVALUE
    NO MAXVALUE
    CACHE 1
);


--
-- Data for Name: auth_group; Type: TABLE DATA; Schema: public; Owner: demo
--

COPY public.auth_group (id, name) FROM stdin;
\.


--
-- Data for Name: auth_group_permissions; Type: TABLE DATA; Schema: public; Owner: demo
--

COPY public.auth_group_permissions (id, group_id, permission_id) FROM stdin;
\.


--
-- Data for Name: auth_permission; Type: TABLE DATA; Schema: public; Owner: demo
--

COPY public.auth_permission (id, name, content_type_id, codename) FROM stdin;
1	Can add machine	1	add_machine
2	Can change machine	1	change_machine
3	Can delete machine	1	delete_machine
4	Can view machine	1	view_machine
5	Can add patient	2	add_patient
6	Can change patient	2	change_patient
7	Can delete patient	2	delete_patient
8	Can view patient	2	view_patient
9	Can add bed	3	add_bed
10	Can change bed	3	change_bed
11	Can delete bed	3	delete_bed
12	Can view bed	3	view_bed
13	Can add floor	4	add_floor
14	Can change floor	4	change_floor
15	Can delete floor	4	delete_floor
16	Can view floor	4	view_floor
17	Can add room	5	add_room
18	Can change room	5	change_room
19	Can delete room	5	delete_room
20	Can view room	5	view_room
21	Can add timeslot	6	add_timeslot
22	Can change timeslot	6	change_timeslot
23	Can delete timeslot	6	delete_timeslot
24	Can view timeslot	6	view_timeslot
25	Can add log entry	7	add_logentry
26	Can change log entry	7	change_logentry
27	Can delete log entry	7	delete_logentry
28	Can view log entry	7	view_logentry
29	Can add permission	8	add_permission
30	Can change permission	8	change_permission
31	Can delete permission	8	delete_permission
32	Can view permission	8	view_permission
33	Can add group	9	add_group
34	Can change group	9	change_group
35	Can delete group	9	delete_group
36	Can view group	9	view_group
37	Can add user	10	add_user
38	Can change user	10	change_user
39	Can delete user	10	delete_user
40	Can view user	10	view_user
41	Can add content type	11	add_contenttype
42	Can change content type	11	change_contenttype
43	Can delete content type	11	delete_contenttype
44	Can view content type	11	view_contenttype
45	Can add session	12	add_session
46	Can change session	12	change_session
47	Can delete session	12	delete_session
48	Can view session	12	view_session
49	Can add treatment region	13	add_treatmentregion
50	Can change treatment region	13	change_treatmentregion
51	Can delete treatment region	13	delete_treatmentregion
52	Can view treatment region	13	view_treatmentregion
53	Can add machine type	14	add_machinetype
54	Can change machine type	14	change_machinetype
55	Can delete machine type	14	delete_machinetype
56	Can view machine type	14	view_machinetype
\.


--
-- Data for Name: auth_user; Type: TABLE DATA; Schema: public; Owner: demo
--

COPY public.auth_user (id, password, last_login, is_superuser, username, first_name, last_name, email, is_staff, is_active, date_joined) FROM stdin;
\.


--
-- Data for Name: auth_user_groups; Type: TABLE DATA; Schema: public; Owner: demo
--

COPY public.auth_user_groups (id, user_id, group_id) FROM stdin;
\.


--
-- Data for Name: auth_user_user_permissions; Type: TABLE DATA; Schema: public; Owner: demo
--

COPY public.auth_user_user_permissions (id, user_id, permission_id) FROM stdin;
\.


--
-- Data for Name: django_admin_log; Type: TABLE DATA; Schema: public; Owner: demo
--

COPY public.django_admin_log (id, action_time, object_id, object_repr, action_flag, change_message, content_type_id, user_id) FROM stdin;
\.


--
-- Data for Name: django_content_type; Type: TABLE DATA; Schema: public; Owner: demo
--

COPY public.django_content_type (id, app_label, model) FROM stdin;
1	doctor	machine
2	doctor	patient
3	doctor	bed
4	doctor	floor
5	doctor	room
6	doctor	timeslot
7	admin	logentry
8	auth	permission
9	auth	group
10	auth	user
11	contenttypes	contenttype
12	sessions	session
13	doctor	treatmentregion
14	doctor	machinetype
\.


--
-- Data for Name: django_migrations; Type: TABLE DATA; Schema: public; Owner: demo
--

COPY public.django_migrations (id, app, name, applied) FROM stdin;
1	contenttypes	0001_initial	2023-11-25 12:05:15.298552+00
2	auth	0001_initial	2023-11-25 12:05:15.43959+00
3	admin	0001_initial	2023-11-25 12:05:15.479724+00
4	admin	0002_logentry_remove_auto_add	2023-11-25 12:05:15.4936+00
5	admin	0003_logentry_add_action_flag_choices	2023-11-25 12:05:15.50777+00
6	contenttypes	0002_remove_content_type_name	2023-11-25 12:05:15.538454+00
7	auth	0002_alter_permission_name_max_length	2023-11-25 12:05:15.554333+00
8	auth	0003_alter_user_email_max_length	2023-11-25 12:05:15.571739+00
9	auth	0004_alter_user_username_opts	2023-11-25 12:05:15.588007+00
10	auth	0005_alter_user_last_login_null	2023-11-25 12:05:15.605407+00
11	auth	0006_require_contenttypes_0002	2023-11-25 12:05:15.612004+00
12	auth	0007_alter_validators_add_error_messages	2023-11-25 12:05:15.629444+00
13	auth	0008_alter_user_username_max_length	2023-11-25 12:05:15.65664+00
14	auth	0009_alter_user_last_name_max_length	2023-11-25 12:05:15.674954+00
15	auth	0010_alter_group_name_max_length	2023-11-25 12:05:15.693586+00
16	auth	0011_update_proxy_permissions	2023-11-25 12:05:15.710562+00
17	auth	0012_alter_user_first_name_max_length	2023-11-25 12:05:15.72818+00
18	doctor	0001_initial	2023-11-25 12:05:15.818345+00
19	doctor	0002_bed_floor_room_timeslot_remove_machine_family_and_more	2023-11-25 12:05:15.955439+00
20	sessions	0001_initial	2023-11-25 12:05:15.99222+00
21	doctor	0003_alter_patient_priority	2023-11-25 15:04:36.891117+00
22	doctor	0004_treatmentregion_patient_treatment_regions_and_more	2023-11-25 15:04:36.994569+00
23	doctor	0005_machine_machine_type_alter_timeslot_machine_and_more	2023-11-25 15:10:05.330145+00
\.


--
-- Data for Name: django_session; Type: TABLE DATA; Schema: public; Owner: demo
--

COPY public.django_session (session_key, session_data, expire_date) FROM stdin;
\.


--
-- Data for Name: doctor_bed; Type: TABLE DATA; Schema: public; Owner: demo
--

COPY public.doctor_bed (id) FROM stdin;
\.


--
-- Data for Name: doctor_floor; Type: TABLE DATA; Schema: public; Owner: demo
--

COPY public.doctor_floor (id, name, wheelchair_accessible, has_elevator) FROM stdin;
\.


--
-- Data for Name: doctor_machine; Type: TABLE DATA; Schema: public; Owner: demo
--

COPY public.doctor_machine (id, name, in_service, machine_type_id) FROM stdin;
1	TrueBeam 1	t	1
3	VitalBeam 1	t	2
2	TrueBeam 2	t	1
4	VitalBeam 2	t	2
5	Clinac 1	t	3
\.


--
-- Data for Name: doctor_machinetype; Type: TABLE DATA; Schema: public; Owner: demo
--

COPY public.doctor_machinetype (id, name) FROM stdin;
1	TrueBeam
2	VitalBeam
3	Clinac
\.


--
-- Data for Name: doctor_machinetype_regions_supported; Type: TABLE DATA; Schema: public; Owner: demo
--

COPY public.doctor_machinetype_regions_supported (id, machinetype_id, treatmentregion_id) FROM stdin;
1	1	1
2	1	2
3	1	3
4	1	4
5	1	5
6	1	6
7	1	7
8	1	8
9	1	9
10	2	2
11	2	4
12	2	5
13	2	6
14	2	7
15	2	8
16	2	9
17	2	10
18	3	2
19	3	10
\.


--
-- Data for Name: doctor_patient; Type: TABLE DATA; Schema: public; Owner: demo
--

COPY public.doctor_patient (id, name, weight, fractions_number, email, breath_holding, inpatient, large_bodied, last_name, priority, sex, treatment_regions) FROM stdin;
\.


--
-- Data for Name: doctor_room; Type: TABLE DATA; Schema: public; Owner: demo
--

COPY public.doctor_room (id, number, sex, wheelchair_accessible, has_bath, area) FROM stdin;
\.


--
-- Data for Name: doctor_timeslot; Type: TABLE DATA; Schema: public; Owner: demo
--

COPY public.doctor_timeslot (id, start_date, end_date, duration, machine_id, patient_id) FROM stdin;
\.


--
-- Data for Name: doctor_treatmentregion; Type: TABLE DATA; Schema: public; Owner: demo
--

COPY public.doctor_treatmentregion (id, name) FROM stdin;
1	Craniospinal
2	Breast
3	Breast special
4	Head & neck
5	Abdomen
6	Pelvis
7	Crane
8	Lung
9	Lung special
10	Whole Brain
\.


--
-- Name: auth_group_id_seq; Type: SEQUENCE SET; Schema: public; Owner: demo
--

SELECT pg_catalog.setval('public.auth_group_id_seq', 1, false);


--
-- Name: auth_group_permissions_id_seq; Type: SEQUENCE SET; Schema: public; Owner: demo
--

SELECT pg_catalog.setval('public.auth_group_permissions_id_seq', 1, false);


--
-- Name: auth_permission_id_seq; Type: SEQUENCE SET; Schema: public; Owner: demo
--

SELECT pg_catalog.setval('public.auth_permission_id_seq', 56, true);


--
-- Name: auth_user_groups_id_seq; Type: SEQUENCE SET; Schema: public; Owner: demo
--

SELECT pg_catalog.setval('public.auth_user_groups_id_seq', 1, false);


--
-- Name: auth_user_id_seq; Type: SEQUENCE SET; Schema: public; Owner: demo
--

SELECT pg_catalog.setval('public.auth_user_id_seq', 1, false);


--
-- Name: auth_user_user_permissions_id_seq; Type: SEQUENCE SET; Schema: public; Owner: demo
--

SELECT pg_catalog.setval('public.auth_user_user_permissions_id_seq', 1, false);


--
-- Name: django_admin_log_id_seq; Type: SEQUENCE SET; Schema: public; Owner: demo
--

SELECT pg_catalog.setval('public.django_admin_log_id_seq', 1, false);


--
-- Name: django_content_type_id_seq; Type: SEQUENCE SET; Schema: public; Owner: demo
--

SELECT pg_catalog.setval('public.django_content_type_id_seq', 14, true);


--
-- Name: django_migrations_id_seq; Type: SEQUENCE SET; Schema: public; Owner: demo
--

SELECT pg_catalog.setval('public.django_migrations_id_seq', 23, true);


--
-- Name: doctor_bed_id_seq; Type: SEQUENCE SET; Schema: public; Owner: demo
--

SELECT pg_catalog.setval('public.doctor_bed_id_seq', 1, false);


--
-- Name: doctor_floor_id_seq; Type: SEQUENCE SET; Schema: public; Owner: demo
--

SELECT pg_catalog.setval('public.doctor_floor_id_seq', 1, false);


--
-- Name: doctor_machine_id_seq; Type: SEQUENCE SET; Schema: public; Owner: demo
--

SELECT pg_catalog.setval('public.doctor_machine_id_seq', 1, false);


--
-- Name: doctor_machinetype_id_seq; Type: SEQUENCE SET; Schema: public; Owner: demo
--

SELECT pg_catalog.setval('public.doctor_machinetype_id_seq', 1, false);


--
-- Name: doctor_machinetype_regions_supported_id_seq; Type: SEQUENCE SET; Schema: public; Owner: demo
--

SELECT pg_catalog.setval('public.doctor_machinetype_regions_supported_id_seq', 20, true);


--
-- Name: doctor_patient_id_seq; Type: SEQUENCE SET; Schema: public; Owner: demo
--

SELECT pg_catalog.setval('public.doctor_patient_id_seq', 1, false);


--
-- Name: doctor_room_id_seq; Type: SEQUENCE SET; Schema: public; Owner: demo
--

SELECT pg_catalog.setval('public.doctor_room_id_seq', 1, false);


--
-- Name: doctor_timeslot_id_seq; Type: SEQUENCE SET; Schema: public; Owner: demo
--

SELECT pg_catalog.setval('public.doctor_timeslot_id_seq', 1, false);


--
-- Name: doctor_treatmentregion_id_seq; Type: SEQUENCE SET; Schema: public; Owner: demo
--

SELECT pg_catalog.setval('public.doctor_treatmentregion_id_seq', 1, false);


--
-- Name: auth_group auth_group_name_key; Type: CONSTRAINT; Schema: public; Owner: demo
--

ALTER TABLE ONLY public.auth_group
    ADD CONSTRAINT auth_group_name_key UNIQUE (name);


--
-- Name: auth_group_permissions auth_group_permissions_group_id_permission_id_0cd325b0_uniq; Type: CONSTRAINT; Schema: public; Owner: demo
--

ALTER TABLE ONLY public.auth_group_permissions
    ADD CONSTRAINT auth_group_permissions_group_id_permission_id_0cd325b0_uniq UNIQUE (group_id, permission_id);


--
-- Name: auth_group_permissions auth_group_permissions_pkey; Type: CONSTRAINT; Schema: public; Owner: demo
--

ALTER TABLE ONLY public.auth_group_permissions
    ADD CONSTRAINT auth_group_permissions_pkey PRIMARY KEY (id);


--
-- Name: auth_group auth_group_pkey; Type: CONSTRAINT; Schema: public; Owner: demo
--

ALTER TABLE ONLY public.auth_group
    ADD CONSTRAINT auth_group_pkey PRIMARY KEY (id);


--
-- Name: auth_permission auth_permission_content_type_id_codename_01ab375a_uniq; Type: CONSTRAINT; Schema: public; Owner: demo
--

ALTER TABLE ONLY public.auth_permission
    ADD CONSTRAINT auth_permission_content_type_id_codename_01ab375a_uniq UNIQUE (content_type_id, codename);


--
-- Name: auth_permission auth_permission_pkey; Type: CONSTRAINT; Schema: public; Owner: demo
--

ALTER TABLE ONLY public.auth_permission
    ADD CONSTRAINT auth_permission_pkey PRIMARY KEY (id);


--
-- Name: auth_user_groups auth_user_groups_pkey; Type: CONSTRAINT; Schema: public; Owner: demo
--

ALTER TABLE ONLY public.auth_user_groups
    ADD CONSTRAINT auth_user_groups_pkey PRIMARY KEY (id);


--
-- Name: auth_user_groups auth_user_groups_user_id_group_id_94350c0c_uniq; Type: CONSTRAINT; Schema: public; Owner: demo
--

ALTER TABLE ONLY public.auth_user_groups
    ADD CONSTRAINT auth_user_groups_user_id_group_id_94350c0c_uniq UNIQUE (user_id, group_id);


--
-- Name: auth_user auth_user_pkey; Type: CONSTRAINT; Schema: public; Owner: demo
--

ALTER TABLE ONLY public.auth_user
    ADD CONSTRAINT auth_user_pkey PRIMARY KEY (id);


--
-- Name: auth_user_user_permissions auth_user_user_permissions_pkey; Type: CONSTRAINT; Schema: public; Owner: demo
--

ALTER TABLE ONLY public.auth_user_user_permissions
    ADD CONSTRAINT auth_user_user_permissions_pkey PRIMARY KEY (id);


--
-- Name: auth_user_user_permissions auth_user_user_permissions_user_id_permission_id_14a6b632_uniq; Type: CONSTRAINT; Schema: public; Owner: demo
--

ALTER TABLE ONLY public.auth_user_user_permissions
    ADD CONSTRAINT auth_user_user_permissions_user_id_permission_id_14a6b632_uniq UNIQUE (user_id, permission_id);


--
-- Name: auth_user auth_user_username_key; Type: CONSTRAINT; Schema: public; Owner: demo
--

ALTER TABLE ONLY public.auth_user
    ADD CONSTRAINT auth_user_username_key UNIQUE (username);


--
-- Name: django_admin_log django_admin_log_pkey; Type: CONSTRAINT; Schema: public; Owner: demo
--

ALTER TABLE ONLY public.django_admin_log
    ADD CONSTRAINT django_admin_log_pkey PRIMARY KEY (id);


--
-- Name: django_content_type django_content_type_app_label_model_76bd3d3b_uniq; Type: CONSTRAINT; Schema: public; Owner: demo
--

ALTER TABLE ONLY public.django_content_type
    ADD CONSTRAINT django_content_type_app_label_model_76bd3d3b_uniq UNIQUE (app_label, model);


--
-- Name: django_content_type django_content_type_pkey; Type: CONSTRAINT; Schema: public; Owner: demo
--

ALTER TABLE ONLY public.django_content_type
    ADD CONSTRAINT django_content_type_pkey PRIMARY KEY (id);


--
-- Name: django_migrations django_migrations_pkey; Type: CONSTRAINT; Schema: public; Owner: demo
--

ALTER TABLE ONLY public.django_migrations
    ADD CONSTRAINT django_migrations_pkey PRIMARY KEY (id);


--
-- Name: django_session django_session_pkey; Type: CONSTRAINT; Schema: public; Owner: demo
--

ALTER TABLE ONLY public.django_session
    ADD CONSTRAINT django_session_pkey PRIMARY KEY (session_key);


--
-- Name: doctor_bed doctor_bed_pkey; Type: CONSTRAINT; Schema: public; Owner: demo
--

ALTER TABLE ONLY public.doctor_bed
    ADD CONSTRAINT doctor_bed_pkey PRIMARY KEY (id);


--
-- Name: doctor_floor doctor_floor_pkey; Type: CONSTRAINT; Schema: public; Owner: demo
--

ALTER TABLE ONLY public.doctor_floor
    ADD CONSTRAINT doctor_floor_pkey PRIMARY KEY (id);


--
-- Name: doctor_machine doctor_machine_pkey; Type: CONSTRAINT; Schema: public; Owner: demo
--

ALTER TABLE ONLY public.doctor_machine
    ADD CONSTRAINT doctor_machine_pkey PRIMARY KEY (id);


--
-- Name: doctor_machinetype doctor_machinetype_pkey; Type: CONSTRAINT; Schema: public; Owner: demo
--

ALTER TABLE ONLY public.doctor_machinetype
    ADD CONSTRAINT doctor_machinetype_pkey PRIMARY KEY (id);


--
-- Name: doctor_machinetype_regions_supported doctor_machinetype_regio_machinetype_id_treatment_ff3d8bd1_uniq; Type: CONSTRAINT; Schema: public; Owner: demo
--

ALTER TABLE ONLY public.doctor_machinetype_regions_supported
    ADD CONSTRAINT doctor_machinetype_regio_machinetype_id_treatment_ff3d8bd1_uniq UNIQUE (machinetype_id, treatmentregion_id);


--
-- Name: doctor_machinetype_regions_supported doctor_machinetype_regions_supported_pkey; Type: CONSTRAINT; Schema: public; Owner: demo
--

ALTER TABLE ONLY public.doctor_machinetype_regions_supported
    ADD CONSTRAINT doctor_machinetype_regions_supported_pkey PRIMARY KEY (id);


--
-- Name: doctor_patient doctor_patient_pkey; Type: CONSTRAINT; Schema: public; Owner: demo
--

ALTER TABLE ONLY public.doctor_patient
    ADD CONSTRAINT doctor_patient_pkey PRIMARY KEY (id);


--
-- Name: doctor_room doctor_room_pkey; Type: CONSTRAINT; Schema: public; Owner: demo
--

ALTER TABLE ONLY public.doctor_room
    ADD CONSTRAINT doctor_room_pkey PRIMARY KEY (id);


--
-- Name: doctor_timeslot doctor_timeslot_pkey; Type: CONSTRAINT; Schema: public; Owner: demo
--

ALTER TABLE ONLY public.doctor_timeslot
    ADD CONSTRAINT doctor_timeslot_pkey PRIMARY KEY (id);


--
-- Name: doctor_treatmentregion doctor_treatmentregion_pkey; Type: CONSTRAINT; Schema: public; Owner: demo
--

ALTER TABLE ONLY public.doctor_treatmentregion
    ADD CONSTRAINT doctor_treatmentregion_pkey PRIMARY KEY (id);


--
-- Name: auth_group_name_a6ea08ec_like; Type: INDEX; Schema: public; Owner: demo
--

CREATE INDEX auth_group_name_a6ea08ec_like ON public.auth_group USING btree (name varchar_pattern_ops);


--
-- Name: auth_group_permissions_group_id_b120cbf9; Type: INDEX; Schema: public; Owner: demo
--

CREATE INDEX auth_group_permissions_group_id_b120cbf9 ON public.auth_group_permissions USING btree (group_id);


--
-- Name: auth_group_permissions_permission_id_84c5c92e; Type: INDEX; Schema: public; Owner: demo
--

CREATE INDEX auth_group_permissions_permission_id_84c5c92e ON public.auth_group_permissions USING btree (permission_id);


--
-- Name: auth_permission_content_type_id_2f476e4b; Type: INDEX; Schema: public; Owner: demo
--

CREATE INDEX auth_permission_content_type_id_2f476e4b ON public.auth_permission USING btree (content_type_id);


--
-- Name: auth_user_groups_group_id_97559544; Type: INDEX; Schema: public; Owner: demo
--

CREATE INDEX auth_user_groups_group_id_97559544 ON public.auth_user_groups USING btree (group_id);


--
-- Name: auth_user_groups_user_id_6a12ed8b; Type: INDEX; Schema: public; Owner: demo
--

CREATE INDEX auth_user_groups_user_id_6a12ed8b ON public.auth_user_groups USING btree (user_id);


--
-- Name: auth_user_user_permissions_permission_id_1fbb5f2c; Type: INDEX; Schema: public; Owner: demo
--

CREATE INDEX auth_user_user_permissions_permission_id_1fbb5f2c ON public.auth_user_user_permissions USING btree (permission_id);


--
-- Name: auth_user_user_permissions_user_id_a95ead1b; Type: INDEX; Schema: public; Owner: demo
--

CREATE INDEX auth_user_user_permissions_user_id_a95ead1b ON public.auth_user_user_permissions USING btree (user_id);


--
-- Name: auth_user_username_6821ab7c_like; Type: INDEX; Schema: public; Owner: demo
--

CREATE INDEX auth_user_username_6821ab7c_like ON public.auth_user USING btree (username varchar_pattern_ops);


--
-- Name: django_admin_log_content_type_id_c4bce8eb; Type: INDEX; Schema: public; Owner: demo
--

CREATE INDEX django_admin_log_content_type_id_c4bce8eb ON public.django_admin_log USING btree (content_type_id);


--
-- Name: django_admin_log_user_id_c564eba6; Type: INDEX; Schema: public; Owner: demo
--

CREATE INDEX django_admin_log_user_id_c564eba6 ON public.django_admin_log USING btree (user_id);


--
-- Name: django_session_expire_date_a5c62663; Type: INDEX; Schema: public; Owner: demo
--

CREATE INDEX django_session_expire_date_a5c62663 ON public.django_session USING btree (expire_date);


--
-- Name: django_session_session_key_c0390e0f_like; Type: INDEX; Schema: public; Owner: demo
--

CREATE INDEX django_session_session_key_c0390e0f_like ON public.django_session USING btree (session_key varchar_pattern_ops);


--
-- Name: doctor_machine_machine_type_id_aadf1b00; Type: INDEX; Schema: public; Owner: demo
--

CREATE INDEX doctor_machine_machine_type_id_aadf1b00 ON public.doctor_machine USING btree (machine_type_id);


--
-- Name: doctor_machinetype_regions_supported_machinetype_id_c8f608a2; Type: INDEX; Schema: public; Owner: demo
--

CREATE INDEX doctor_machinetype_regions_supported_machinetype_id_c8f608a2 ON public.doctor_machinetype_regions_supported USING btree (machinetype_id);


--
-- Name: doctor_machinetype_regions_treatmentregion_id_2272eafc; Type: INDEX; Schema: public; Owner: demo
--

CREATE INDEX doctor_machinetype_regions_treatmentregion_id_2272eafc ON public.doctor_machinetype_regions_supported USING btree (treatmentregion_id);


--
-- Name: doctor_timeslot_machine_id_b0005775; Type: INDEX; Schema: public; Owner: demo
--

CREATE INDEX doctor_timeslot_machine_id_b0005775 ON public.doctor_timeslot USING btree (machine_id);


--
-- Name: doctor_timeslot_patient_id_3cfa00aa; Type: INDEX; Schema: public; Owner: demo
--

CREATE INDEX doctor_timeslot_patient_id_3cfa00aa ON public.doctor_timeslot USING btree (patient_id);


--
-- Name: auth_group_permissions auth_group_permissio_permission_id_84c5c92e_fk_auth_perm; Type: FK CONSTRAINT; Schema: public; Owner: demo
--

ALTER TABLE ONLY public.auth_group_permissions
    ADD CONSTRAINT auth_group_permissio_permission_id_84c5c92e_fk_auth_perm FOREIGN KEY (permission_id) REFERENCES public.auth_permission(id) DEFERRABLE INITIALLY DEFERRED;


--
-- Name: auth_group_permissions auth_group_permissions_group_id_b120cbf9_fk_auth_group_id; Type: FK CONSTRAINT; Schema: public; Owner: demo
--

ALTER TABLE ONLY public.auth_group_permissions
    ADD CONSTRAINT auth_group_permissions_group_id_b120cbf9_fk_auth_group_id FOREIGN KEY (group_id) REFERENCES public.auth_group(id) DEFERRABLE INITIALLY DEFERRED;


--
-- Name: auth_permission auth_permission_content_type_id_2f476e4b_fk_django_co; Type: FK CONSTRAINT; Schema: public; Owner: demo
--

ALTER TABLE ONLY public.auth_permission
    ADD CONSTRAINT auth_permission_content_type_id_2f476e4b_fk_django_co FOREIGN KEY (content_type_id) REFERENCES public.django_content_type(id) DEFERRABLE INITIALLY DEFERRED;


--
-- Name: auth_user_groups auth_user_groups_group_id_97559544_fk_auth_group_id; Type: FK CONSTRAINT; Schema: public; Owner: demo
--

ALTER TABLE ONLY public.auth_user_groups
    ADD CONSTRAINT auth_user_groups_group_id_97559544_fk_auth_group_id FOREIGN KEY (group_id) REFERENCES public.auth_group(id) DEFERRABLE INITIALLY DEFERRED;


--
-- Name: auth_user_groups auth_user_groups_user_id_6a12ed8b_fk_auth_user_id; Type: FK CONSTRAINT; Schema: public; Owner: demo
--

ALTER TABLE ONLY public.auth_user_groups
    ADD CONSTRAINT auth_user_groups_user_id_6a12ed8b_fk_auth_user_id FOREIGN KEY (user_id) REFERENCES public.auth_user(id) DEFERRABLE INITIALLY DEFERRED;


--
-- Name: auth_user_user_permissions auth_user_user_permi_permission_id_1fbb5f2c_fk_auth_perm; Type: FK CONSTRAINT; Schema: public; Owner: demo
--

ALTER TABLE ONLY public.auth_user_user_permissions
    ADD CONSTRAINT auth_user_user_permi_permission_id_1fbb5f2c_fk_auth_perm FOREIGN KEY (permission_id) REFERENCES public.auth_permission(id) DEFERRABLE INITIALLY DEFERRED;


--
-- Name: auth_user_user_permissions auth_user_user_permissions_user_id_a95ead1b_fk_auth_user_id; Type: FK CONSTRAINT; Schema: public; Owner: demo
--

ALTER TABLE ONLY public.auth_user_user_permissions
    ADD CONSTRAINT auth_user_user_permissions_user_id_a95ead1b_fk_auth_user_id FOREIGN KEY (user_id) REFERENCES public.auth_user(id) DEFERRABLE INITIALLY DEFERRED;


--
-- Name: django_admin_log django_admin_log_content_type_id_c4bce8eb_fk_django_co; Type: FK CONSTRAINT; Schema: public; Owner: demo
--

ALTER TABLE ONLY public.django_admin_log
    ADD CONSTRAINT django_admin_log_content_type_id_c4bce8eb_fk_django_co FOREIGN KEY (content_type_id) REFERENCES public.django_content_type(id) DEFERRABLE INITIALLY DEFERRED;


--
-- Name: django_admin_log django_admin_log_user_id_c564eba6_fk_auth_user_id; Type: FK CONSTRAINT; Schema: public; Owner: demo
--

ALTER TABLE ONLY public.django_admin_log
    ADD CONSTRAINT django_admin_log_user_id_c564eba6_fk_auth_user_id FOREIGN KEY (user_id) REFERENCES public.auth_user(id) DEFERRABLE INITIALLY DEFERRED;


--
-- Name: doctor_machine doctor_machine_machine_type_id_aadf1b00_fk_doctor_ma; Type: FK CONSTRAINT; Schema: public; Owner: demo
--

ALTER TABLE ONLY public.doctor_machine
    ADD CONSTRAINT doctor_machine_machine_type_id_aadf1b00_fk_doctor_ma FOREIGN KEY (machine_type_id) REFERENCES public.doctor_machinetype(id) DEFERRABLE INITIALLY DEFERRED;


--
-- Name: doctor_machinetype_regions_supported doctor_machinetype_r_machinetype_id_c8f608a2_fk_doctor_ma; Type: FK CONSTRAINT; Schema: public; Owner: demo
--

ALTER TABLE ONLY public.doctor_machinetype_regions_supported
    ADD CONSTRAINT doctor_machinetype_r_machinetype_id_c8f608a2_fk_doctor_ma FOREIGN KEY (machinetype_id) REFERENCES public.doctor_machinetype(id) DEFERRABLE INITIALLY DEFERRED;


--
-- Name: doctor_machinetype_regions_supported doctor_machinetype_r_treatmentregion_id_2272eafc_fk_doctor_tr; Type: FK CONSTRAINT; Schema: public; Owner: demo
--

ALTER TABLE ONLY public.doctor_machinetype_regions_supported
    ADD CONSTRAINT doctor_machinetype_r_treatmentregion_id_2272eafc_fk_doctor_tr FOREIGN KEY (treatmentregion_id) REFERENCES public.doctor_treatmentregion(id) DEFERRABLE INITIALLY DEFERRED;


--
-- Name: doctor_timeslot doctor_timeslot_machine_id_b0005775_fk_doctor_machine_id; Type: FK CONSTRAINT; Schema: public; Owner: demo
--

ALTER TABLE ONLY public.doctor_timeslot
    ADD CONSTRAINT doctor_timeslot_machine_id_b0005775_fk_doctor_machine_id FOREIGN KEY (machine_id) REFERENCES public.doctor_machine(id) DEFERRABLE INITIALLY DEFERRED;


--
-- Name: doctor_timeslot doctor_timeslot_patient_id_3cfa00aa_fk_doctor_patient_id; Type: FK CONSTRAINT; Schema: public; Owner: demo
--

ALTER TABLE ONLY public.doctor_timeslot
    ADD CONSTRAINT doctor_timeslot_patient_id_3cfa00aa_fk_doctor_patient_id FOREIGN KEY (patient_id) REFERENCES public.doctor_patient(id) DEFERRABLE INITIALLY DEFERRED;


--
-- PostgreSQL database dump complete
--

